<?xml version="1.0" encoding="utf-8" standalone="yes" ?>
<Window size="500,400" sizebox="4,4,6,6" roundcorner="4,4" caption="0,0,0,32">
    <Font name="宋体" size="13" bold="true" italic="false" />
    <Font name="宋体" size="12" bold="true" italic="false" />
    <Font name="宋体" size="12" bold="false" italic="false" />
    <Font name="宋体" size="14" bold="true" italic="false" />
    <Font name="宋体" size="22" bold="true" italic="true" />
    <Default name="Button" value="hotimage=&quot;btn_hover.png&quot; pushedimage=&quot;btn_down.png&quot;" />
    <VerticalLayout  bkcolor="#FFFFFFFF" >
        <HorizontalLayout bordersize="1" height="40" bkcolor="#FF57C0FF" bkcolor2="#00FFFFFF">
            <HorizontalLayout>
                <Label name="wintitle" padding="20,0,0,0" text="远程桌面管理" textcolor="#FF000000" disabledtextcolor="#FFA7A6AA" showhtml="true" />
            </HorizontalLayout>
            <HorizontalLayout width="55">
                <Button name="btn_min" text="-" tooltip="最小化" width="20" height="20" padding="5,5,0,0" textcolor="#00FFFBF0" disabledtextcolor="#FFA7A6AA" align="center"  hotimage="btn_hover.png" pushedimage="btn_down.png" />
                <Button name="btn_close" text="X" tooltip="关闭" width="20" height="20" padding="5,5,0,0" textcolor="#00FFFBF0" disabledtextcolor="#FFA7A6AA" align="center"  hotimage="close.png" pushedimage="close_down.png" />
            </HorizontalLayout>
        </HorizontalLayout>
        <HorizontalLayout height="250" >
        <VerticalLayout padding="10,10,10,10" text="列表" width="350"bordersize="1" inset="2,2,2,2" bordercolor="#0057C0FF">
             <List name="iplist" bkcolor="#FFFFFFFF" inset="0,0,0,0" itemshowhtml="true" vscrollbar="true" hscrollbar="true" headerbkimage="file='list_header_bg.png'" itemalign="center" itembkcolor="#FFFFFFFF" itemaltbk="true" hscrollbar="true" menu="true">
                <ListHeader>
					<ListHeaderItem text="编号" maxwidth="40"  hotimage="file='list_header_hot.png'" pushedimage="file='list_header_pushed.png'" sepimage="file='list_header_sep.png'" sepwidth="3" />
                     <ListHeaderItem text="状态"  maxwidth="40"  hotimage="file='list_header_hot.png'" pushedimage="file='list_header_pushed.png'" sepimage="file='list_header_sep.png'" sepwidth="2"  />
                    <ListHeaderItem text="IP"   minwidth="100"   hotimage="file='list_header_hot.png'" pushedimage="file='list_header_pushed.png'" sepimage="file='list_header_sep.png'" sepwidth="3" />
					<ListHeaderItem text="端口"  hotimage="file='list_header_hot.png'" pushedimage="file='list_header_pushed.png'" sepimage="file='list_header_sep.png'" sepwidth="1"  />
                    <ListHeaderItem text="用户名"   hotimage="file='list_header_hot.png'" pushedimage="file='list_header_pushed.png'" sepimage="file='list_header_sep.png'" sepwidth="2" />

                </ListHeader>
            </List>
        </VerticalLayout>
		<VerticalLayout padding="10,10,10,10" width="120">
            <Button name="btn_con" text="连接" tooltip="连接服务器" width="90" height="40" roundcorner="4,4"  padding="0,5,0,0" bordercolor="#00D2D2D2" textcolor="#FF000000" roundborder="5,5" disabledtextcolor="#FFA7A6AA" font="2" align="center" normalimage="btn_default.png" hotimage="btn_hover.png" pushedimage="btn_down.png" />
            <Button name="btn_add" text="添加" tooltip="添加新的服务器" width="90" height="40" padding="0,5,0,0" bordercolor="#00D2D2D2" textcolor="#FF000000" disabledtextcolor="#FFA7A6AA" font="2" align="center" normalimage="btn_default.png" hotimage="btn_hover.png" pushedimage="btn_down.png" />
             <Button name="btn_del" text="删除" tooltip="删除服务器" width="90" height="40" padding="0,5,0,0" bordercolor="#00D2D2D2" textcolor="#FF000000" disabledtextcolor="#FFA7A6AA" font="2" align="center" normalimage="btn_default.png" hotimage="btn_hover.png" pushedimage="btn_down.png" />
              <Button name="btn_mod" text="修改" tooltip="修改服务器" width="90" height="40" padding="0,5,0,0" bordercolor="#00D2D2D2" textcolor="#FF000000" disabledtextcolor="#FFA7A6AA" font="2" align="center" normalimage="btn_default.png" hotimage="btn_hover.png" pushedimage="btn_down.png" />
		</VerticalLayout>
        </HorizontalLayout>
        <HorizontalLayout>
                <VerticalLayout padding="10,10,10,10" text="列表" width="350" inset="2,2,2,2" bordersize="1"  bordercolor="#0057C0FF">
                <RichEdit name="note" text="备注" />
                </VerticalLayout>
                <VerticalLayout padding="10,10,10,10" width="120">
                    <HorizontalLayout>
                     <Text name="text_boke" text="<a>作者博客</a>" showhtml="true" font="4" />
                  </HorizontalLayout>

                    <HorizontalLayout>
                    <Option name="quanping" selected="true" normalimage="check.png" width="15" height="15" selectedimage="check_sel.png"  />
                    <Label text="全屏" width="50" height="15" padding="10,0,0,0" />
                    </HorizontalLayout>
               </VerticalLayout>
        </HorizontalLayout>
    </VerticalLayout>
</Window>
